,precision,recall,f1-score,support
Negatif,0.6935483870967742,0.5,0.581081081081081,86.0
Netral,0.0,0.0,0.0,18.0
Positif,0.8259493670886076,0.9525547445255474,0.8847457627118644,274.0
accuracy,0.8042328042328042,0.8042328042328042,0.8042328042328042,0.8042328042328042
macro avg,0.5064992513951273,0.48418491484184917,0.48860894793098186,378.0
weighted avg,0.7564954705624366,0.8042328042328042,0.7735272803069413,378.0
